E07733,E07733,this field is not blank
E07733,E07733,E07733_T_Xba.CN4.cnchp
E09176,E09176,E09176_T_Hind_2.CN4.cnchp
E09176,E09176,E09176_T_Xba.CN4.cnchp
E09214,E09214,E09214_T_Hind.CN4.cnchp
E09214,E09214,E09214_T_Xba_2.CN4.cnchp
E09262,E09262,E09262_T_Hind.CN4.cnchp
E09262,E09262,E09262_T_Xba.CN4.cnchp
E09362,E09362,E09362_T_Hind.CN4.cnchp
E09362,E09362,E09362_T_Xba.CN4.cnchp
E09471,E09471,E09471_T_Hind.CN4.cnchp
E09471,E09471,E09471_T_Xba_2.CN4.cnchp
E09673,E09673,E09673_T_Hind.CN4.cnchp
E09673,E09673,E09673_T_Xba_2.CN4.cnchp
E09743,E09743,E09743_T_Hind.CN4.cnchp
E09743,E09743,E09743_T_Xba.CN4.cnchp
E09800,E09800,E09800_T_Hind.CN4.cnchp
E09800,E09800,E09800_T_Xba_2.CN4.cnchp
E09801,E09801,E09801_T_Hind.CN4.cnchp
E09801,E09801,E09801_T_Xba_2.CN4.cnchp
E09826,E09826,E09826_T_Hind.CN4.cnchp
E09826,E09826,E09826_T_Xba.CN4.cnchp
E09896,E09896,E09896_T_Hind.CN4.cnchp
E09896,E09896,E09896_T_Xba.CN4.cnchp
E09900,E09900,E09900_T_Hind.CN4.cnchp
E09900,E09900,E09900_T_Xba.CN4.cnchp
E09921,E09921,E09921_T_Hind.CN4.cnchp
E09921,E09921,E09921_T_Xba.CN4.cnchp
E09922,E09922,E09922_T_Hind.CN4.cnchp
E09922,E09922,E09922_T_Xba.CN4.cnchp
E09945,E09945,E09945_T_Hind.CN4.cnchp
E09945,E09945,E09945_T_Xba.CN4.cnchp
E09948,E09948,E09948_T_Hind.CN4.cnchp
E09948,E09948,E09948_T_Xba_2.CN4.cnchp
E09971,E09971,E09971_T_Hind.CN4.cnchp
E09971,E09971,E09971_T_Xba.CN4.cnchp
